filename,generated_label,val_label,inception_v3,googlenet,densenet161,resnet50,vgg19,white_box_consensus,generated_label_matches_val,white_box_jointly_correct
0001.png,321,321,321,321,321,321,321,True,True,True
0002.png,847,847,847,847,847,847,847,True,True,True
0003.png,446,446,446,446,446,549,446,True,True,True
0004.png,400,400,400,400,400,887,669,True,True,True
0005.png,647,647,647,647,647,647,647,True,True,True
0006.png,295,295,295,295,295,295,297,True,True,True
0007.png,171,171,171,171,171,171,171,True,True,True
0008.png,682,682,682,682,682,682,682,True,True,True
0009.png,112,112,112,112,112,112,112,True,True,True
0010.png,111,111,111,111,111,111,111,True,True,True
0011.png,829,829,829,829,829,829,628,True,True,True
0012.png,963,963,963,963,963,963,963,True,True,True
0013.png,770,770,770,770,770,770,770,True,True,True
0014.png,277,277,277,277,277,279,279,True,True,True
0015.png,418,418,418,418,418,418,418,True,True,True
0016.png,393,393,393,393,393,393,107,True,True,True
0017.png,238,238,238,238,238,238,465,True,True,True
0018.png,177,177,177,177,177,177,177,True,True,True
0019.png,703,703,703,703,703,703,703,True,True,True
0020.png,346,346,346,346,346,346,346,True,True,True
0021.png,568,568,568,568,568,568,568,True,True,True
0022.png,374,374,374,374,374,374,375,True,True,True
0023.png,532,532,532,532,532,532,532,True,True,True
0024.png,721,721,721,721,721,434,721,True,True,True
0025.png,243,243,243,243,243,254,243,True,True,True
0026.png,247,247,247,247,247,247,999,True,True,True
0027.png,468,468,468,468,468,468,468,True,True,True
0028.png,560,560,560,560,560,981,560,True,True,True
0029.png,287,287,287,287,287,285,287,True,True,True
0030.png,102,102,102,102,102,434,334,True,True,True
0031.png,629,629,629,629,629,629,629,True,True,True
0032.png,417,417,417,417,417,417,417,True,True,True
0033.png,768,768,768,768,768,768,805,True,True,True
0034.png,731,731,731,731,731,731,731,True,True,True
0035.png,668,668,668,668,668,668,668,True,True,True
0036.png,53,53,53,53,53,68,52,True,True,True
0037.png,737,737,737,737,737,737,438,True,True,True
0038.png,176,176,176,176,176,669,669,True,True,True
0039.png,719,719,719,719,719,719,719,True,True,True
0040.png,91,91,91,91,91,80,91,True,True,True
0041.png,871,871,871,871,871,871,871,True,True,True
0042.png,315,315,315,315,315,315,315,True,True,True
0043.png,833,833,833,833,833,833,833,True,True,True
0044.png,688,688,688,688,688,688,688,True,True,True
0045.png,75,75,75,75,75,75,75,True,True,True
0046.png,297,297,297,297,297,297,297,True,True,True
0047.png,533,533,533,533,533,619,980,True,True,True
0048.png,366,366,366,366,366,366,434,True,True,True
0049.png,272,272,272,272,272,272,272,True,True,True
0050.png,793,793,793,793,793,208,793,True,True,True
0051.png,683,683,683,683,683,683,683,True,True,True
0052.png,544,544,544,544,544,868,544,True,True,True
0053.png,498,498,498,498,498,498,498,True,True,True
0054.png,288,288,288,288,288,293,290,True,True,True
0055.png,388,388,388,388,388,362,6,True,True,True
0056.png,37,37,37,37,37,37,37,True,True,True
0057.png,596,596,596,596,596,596,596,True,True,True
0058.png,264,264,264,264,264,195,264,True,True,True
0059.png,909,909,909,909,909,577,577,True,True,True
0060.png,316,316,316,316,316,316,316,True,True,True
0061.png,945,945,945,945,945,945,945,True,True,True
0062.png,576,576,576,576,576,576,576,True,True,True
0063.png,891,891,891,891,891,891,861,True,True,True
0064.png,722,722,722,722,722,722,722,True,True,True
0065.png,940,940,940,940,940,961,861,True,True,True
0066.png,216,216,216,216,216,216,169,True,True,True
0067.png,670,670,670,670,670,670,670,True,True,True
0068.png,518,518,518,518,518,670,518,True,True,True
0069.png,375,375,375,375,375,375,375,True,True,True
0070.png,560,560,560,560,560,971,417,True,True,True
0071.png,904,904,904,904,904,904,904,True,True,True
0072.png,594,594,594,594,594,594,594,True,True,True
0073.png,812,812,812,812,812,812,861,True,True,True
0074.png,616,616,616,616,616,616,616,True,True,True
0075.png,340,340,340,340,340,340,340,True,True,True
0076.png,297,297,297,297,297,297,258,True,True,True
0077.png,275,275,275,275,275,465,172,True,True,True
0078.png,304,304,304,304,304,78,312,True,True,True
0079.png,19,19,19,19,19,19,21,True,True,True
0080.png,362,362,362,362,362,362,107,True,True,True
0081.png,767,767,767,767,767,767,767,True,True,True
0082.png,847,847,847,847,847,847,847,True,True,True
0083.png,399,399,399,399,399,399,399,True,True,True
0084.png,471,471,471,471,471,471,471,True,True,True
0085.png,434,434,434,434,434,434,434,True,True,True
0086.png,662,662,662,662,662,662,662,True,True,True
0087.png,37,37,37,37,37,37,37,True,True,True
0088.png,41,41,41,41,41,41,41,True,True,True
0089.png,629,629,629,629,629,629,629,True,True,True
0090.png,277,277,277,277,277,277,277,True,True,True
0091.png,114,114,114,114,114,114,78,True,True,True
0092.png,28,28,28,28,28,28,28,True,True,True
0093.png,867,867,867,867,867,867,867,True,True,True
0094.png,350,350,350,350,350,350,350,True,True,True
0095.png,332,332,332,332,332,332,332,True,True,True
0096.png,367,367,367,367,367,367,367,True,True,True
0097.png,553,553,553,553,553,553,526,True,True,True
0098.png,229,229,229,229,229,229,153,True,True,True
0099.png,569,569,569,569,569,569,569,True,True,True
0100.png,276,276,276,276,276,276,270,True,True,True
0101.png,739,739,739,739,739,739,680,True,True,True
0102.png,852,852,852,852,852,852,852,True,True,True
0103.png,739,739,739,739,739,739,739,True,True,True
0104.png,591,591,591,591,591,549,549,True,True,True
0105.png,621,621,621,621,621,621,621,True,True,True
0106.png,353,353,353,353,353,353,353,True,True,True
0107.png,817,817,817,817,817,817,817,True,True,True
0108.png,823,823,823,823,823,971,823,True,True,True
0109.png,353,353,353,353,353,354,353,True,True,True
0110.png,975,975,975,975,975,975,977,True,True,True
0111.png,88,88,88,88,88,88,88,True,True,True
0112.png,883,883,883,883,883,901,901,True,True,True
0113.png,378,378,378,378,378,378,378,True,True,True
0114.png,672,672,672,672,672,672,672,True,True,True
0115.png,949,949,949,949,949,1,949,True,True,True
0116.png,339,339,339,339,339,354,354,True,True,True
0117.png,977,977,977,977,977,977,977,True,True,True
0118.png,231,231,231,231,231,192,160,True,True,True
0119.png,864,864,864,864,864,864,864,True,True,True
0120.png,224,224,224,224,224,224,270,True,True,True
0121.png,933,933,933,933,933,700,933,True,True,True
0122.png,418,418,418,418,418,845,744,True,True,True
0123.png,271,271,271,271,271,271,271,True,True,True
0124.png,135,135,135,135,135,135,135,True,True,True
0125.png,649,649,649,649,649,649,669,True,True,True
0126.png,870,870,870,870,870,870,870,True,True,True
0127.png,300,300,300,300,300,300,300,True,True,True
0128.png,371,371,371,371,371,371,371,True,True,True
0129.png,130,130,130,130,130,130,130,True,True,True
0130.png,275,275,275,275,275,275,275,True,True,True
0131.png,431,431,431,431,431,431,431,True,True,True
0132.png,51,51,51,51,51,51,51,True,True,True
0133.png,814,814,814,814,814,814,814,True,True,True
0134.png,665,665,665,665,665,665,665,True,True,True
0135.png,367,367,367,367,367,367,365,True,True,True
0136.png,806,806,806,806,806,806,806,True,True,True
0137.png,441,441,441,441,441,441,441,True,True,True
0138.png,358,358,358,358,358,358,356,True,True,True
0139.png,1,1,1,1,1,1,1,True,True,True
0140.png,614,614,614,614,614,614,601,True,True,True
0141.png,901,901,901,901,901,901,901,True,True,True
0142.png,810,810,810,810,810,810,810,True,True,True
0143.png,731,731,731,731,731,731,731,True,True,True
0144.png,192,192,192,192,192,192,203,True,True,True
0145.png,136,136,136,136,136,136,136,True,True,True
0146.png,952,952,952,952,952,952,952,True,True,True
0147.png,472,472,472,472,472,472,472,True,True,True
0148.png,686,686,686,686,686,686,686,True,True,True
0149.png,578,578,578,578,578,578,578,True,True,True
0150.png,442,442,442,442,442,442,442,True,True,True
0151.png,628,628,628,628,628,628,628,True,True,True
0152.png,332,332,332,332,332,332,332,True,True,True
0153.png,336,336,336,336,336,336,336,True,True,True
0154.png,619,619,619,619,619,619,619,True,True,True
0155.png,170,170,170,170,170,228,228,True,True,True
0156.png,580,580,580,580,580,904,580,True,True,True
0157.png,475,475,475,475,475,475,475,True,True,True
0158.png,30,30,30,30,30,30,435,True,True,True
0159.png,246,246,246,246,246,246,246,True,True,True
0160.png,627,627,627,627,627,627,627,True,True,True
0161.png,841,841,841,841,841,841,841,True,True,True
0162.png,857,857,857,857,857,857,857,True,True,True
0163.png,52,52,52,52,52,52,327,True,True,True
0164.png,962,962,962,962,962,962,962,True,True,True
0165.png,779,779,779,779,779,779,779,True,True,True
0166.png,247,247,247,247,247,247,247,True,True,True
0167.png,651,651,651,651,651,651,651,True,True,True
0168.png,450,450,450,450,450,450,450,True,True,True
0169.png,574,574,574,574,574,574,574,True,True,True
0170.png,988,988,988,988,988,988,5,True,True,True
0171.png,345,345,345,345,345,345,345,True,True,True
0172.png,888,888,888,888,888,888,888,True,True,True
0173.png,760,760,760,760,760,760,760,True,True,True
0174.png,533,533,533,533,533,533,533,True,True,True
0175.png,279,279,279,279,279,279,279,True,True,True
0176.png,322,322,322,322,322,322,322,True,True,True
0177.png,751,751,751,751,751,751,656,True,True,True
0178.png,809,809,809,809,809,809,809,True,True,True
0179.png,326,326,326,326,326,326,326,True,True,True
0180.png,535,535,535,535,535,691,680,True,True,True
0181.png,10,10,10,10,10,133,21,True,True,True
0182.png,958,958,958,958,958,958,958,True,True,True
0183.png,173,173,173,173,173,172,353,True,True,True
0184.png,176,176,176,176,176,176,176,True,True,True
0185.png,283,283,283,283,283,283,283,True,True,True
0186.png,268,268,268,268,268,268,268,True,True,True
0187.png,639,639,639,639,639,638,639,True,True,True
0188.png,147,147,147,147,147,977,147,True,True,True
0189.png,543,543,543,543,543,543,543,True,True,True
0190.png,792,792,792,792,792,792,523,True,True,True
0191.png,722,722,722,722,722,722,722,True,True,True
0192.png,82,82,82,82,82,82,82,True,True,True
0193.png,731,731,731,731,731,731,731,True,True,True
0194.png,276,276,276,276,276,276,347,True,True,True
0195.png,216,216,216,216,216,216,216,True,True,True
0196.png,982,982,982,982,982,982,982,True,True,True
0197.png,972,972,972,972,972,750,500,True,True,True
0198.png,476,476,476,476,476,476,476,True,True,True
0199.png,651,651,651,651,651,651,651,True,True,True
0200.png,291,291,291,291,291,279,149,True,True,True
0201.png,94,94,94,94,94,94,94,True,True,True
0202.png,155,155,155,155,155,155,155,True,True,True
0203.png,817,817,817,817,817,817,817,True,True,True
0204.png,942,942,942,942,942,680,680,True,True,True
0205.png,699,699,699,699,699,699,819,True,True,True
0206.png,576,576,576,576,576,576,435,True,True,True
0207.png,115,115,115,115,115,115,115,True,True,True
0208.png,34,34,34,34,34,728,147,True,True,True
0209.png,148,148,148,148,148,148,148,True,True,True
0210.png,368,368,368,368,368,669,368,True,True,True
0211.png,585,585,585,585,585,585,585,True,True,True
0212.png,388,388,388,388,388,388,388,True,True,True
0213.png,402,402,402,402,402,402,402,True,True,True
0214.png,253,253,253,253,253,253,253,True,True,True
0215.png,710,710,710,710,710,710,898,True,True,True
0216.png,102,102,102,102,102,102,334,True,True,True
0217.png,651,651,651,651,651,894,648,True,True,True
0218.png,335,335,335,335,335,331,103,True,True,True
0219.png,950,950,950,950,950,950,950,True,True,True
0220.png,721,721,721,721,721,721,721,True,True,True
0221.png,387,387,387,387,387,387,387,True,True,True
0222.png,932,932,932,932,932,932,931,True,True,True
0223.png,814,814,814,814,814,814,814,True,True,True
0224.png,11,11,11,11,11,11,89,True,True,True
0225.png,244,244,244,244,244,244,244,True,True,True
0226.png,318,318,318,318,318,318,318,True,True,True
0227.png,174,174,174,174,174,248,174,True,True,True
0228.png,116,116,116,116,116,116,116,True,True,True
0229.png,707,707,707,707,707,669,704,True,True,True
0230.png,451,451,451,451,451,451,451,True,True,True
0231.png,588,588,588,588,588,588,588,True,True,True
0232.png,72,72,72,72,72,73,72,True,True,True
0233.png,747,747,747,747,747,417,747,True,True,True
0234.png,756,756,756,756,756,756,756,True,True,True
0235.png,962,962,962,962,962,962,962,True,True,True
0236.png,861,861,861,861,861,861,861,True,True,True
0237.png,29,29,29,29,29,29,108,True,True,True
0238.png,980,980,980,980,980,980,980,True,True,True
0239.png,375,375,375,375,375,375,375,True,True,True
0240.png,297,297,297,297,297,297,297,True,True,True
0241.png,546,546,546,546,546,546,546,True,True,True
0242.png,916,916,916,916,916,916,916,True,True,True
0243.png,977,977,977,977,977,557,977,True,True,True
0244.png,732,732,732,732,732,732,605,True,True,True
0245.png,241,241,241,241,241,234,165,True,True,True
0246.png,160,160,160,160,160,160,160,True,True,True
0247.png,833,833,833,833,833,833,833,True,True,True
0248.png,142,142,142,142,142,142,142,True,True,True
0249.png,236,236,236,236,236,236,178,True,True,True
0250.png,537,537,537,537,537,537,537,True,True,True
0251.png,179,179,179,179,179,792,792,True,True,True
0252.png,562,562,562,562,562,562,562,True,True,True
0253.png,975,975,975,975,975,921,50,True,True,True
0254.png,534,534,534,534,534,534,713,True,True,True
0255.png,0,0,0,0,0,0,149,True,True,True
0256.png,589,589,589,589,589,589,589,True,True,True
0257.png,610,610,610,610,610,610,610,True,True,True
0258.png,176,176,176,176,176,176,176,True,True,True
0259.png,323,323,323,323,323,323,323,True,True,True
0260.png,976,976,976,976,976,976,970,True,True,True
0261.png,135,135,135,135,135,135,103,True,True,True
0262.png,745,745,745,745,745,745,844,True,True,True
0263.png,869,869,869,869,869,614,614,True,True,True
0264.png,40,40,40,40,40,46,46,True,True,True
0265.png,11,11,11,11,11,80,21,True,True,True
0266.png,562,562,562,562,562,971,562,True,True,True
0267.png,959,959,959,959,959,959,959,True,True,True
0268.png,6,6,6,6,6,6,445,True,True,True
0269.png,363,363,363,363,363,363,363,True,True,True
0270.png,679,679,679,679,679,459,604,True,True,True
0271.png,163,163,163,163,163,163,163,True,True,True
0272.png,787,787,787,787,787,861,787,True,True,True
0273.png,667,667,667,667,667,667,879,True,True,True
0274.png,405,405,405,405,405,405,405,True,True,True
0275.png,119,119,119,119,119,119,71,True,True,True
0276.png,909,909,909,909,909,696,438,True,True,True
0277.png,842,842,842,842,842,842,639,True,True,True
0278.png,668,668,668,668,668,668,668,True,True,True
0279.png,936,936,936,936,936,793,793,True,True,True
0280.png,66,66,66,66,66,68,66,True,True,True
0281.png,399,399,399,399,399,399,399,True,True,True
0282.png,973,973,973,973,973,973,973,True,True,True
0283.png,468,468,468,468,468,468,468,True,True,True
0284.png,83,83,83,83,83,83,83,True,True,True
0285.png,575,575,575,575,575,575,575,True,True,True
0286.png,432,432,432,432,432,702,432,True,True,True
0287.png,617,617,617,617,617,431,999,True,True,True
0288.png,180,180,180,180,180,180,180,True,True,True
0289.png,104,104,104,104,104,104,104,True,True,True
0290.png,740,740,740,740,740,615,543,True,True,True
0291.png,259,259,259,259,259,259,259,True,True,True
0292.png,323,323,323,323,323,323,322,True,True,True
0293.png,261,261,261,261,261,258,174,True,True,True
0294.png,439,439,439,439,439,439,439,True,True,True
0295.png,164,164,164,164,164,164,165,True,True,True
0296.png,80,80,80,80,80,80,80,True,True,True
0297.png,155,155,155,155,155,202,153,True,True,True
0298.png,81,81,81,81,81,80,970,True,True,True
0299.png,115,115,115,115,115,329,115,True,True,True
0300.png,970,970,970,970,970,970,970,True,True,True
0301.png,231,231,231,231,231,231,259,True,True,True
0302.png,728,728,728,728,728,728,728,True,True,True
0303.png,947,947,947,947,947,947,947,True,True,True
0304.png,264,264,264,264,264,264,235,True,True,True
0305.png,289,289,289,289,289,289,289,True,True,True
0306.png,245,245,245,245,245,245,245,True,True,True
0307.png,78,78,78,78,78,78,78,True,True,True
0308.png,930,930,930,930,930,961,987,True,True,True
0309.png,657,657,657,657,657,657,657,True,True,True
0310.png,17,17,17,17,17,17,17,True,True,True
0311.png,905,905,905,905,905,905,905,True,True,True
0312.png,730,730,730,730,730,730,730,True,True,True
0313.png,783,783,783,783,783,783,783,True,True,True
0314.png,437,437,437,437,437,437,437,True,True,True
0315.png,556,556,556,556,556,556,556,True,True,True
0316.png,927,927,927,927,927,927,927,True,True,True
0317.png,259,259,259,259,259,259,259,True,True,True
0318.png,203,203,203,203,203,203,203,True,True,True
0319.png,480,480,480,480,480,480,480,True,True,True
0320.png,727,727,727,727,727,727,727,True,True,True
0321.png,10,10,10,10,10,10,10,True,True,True
0322.png,39,39,39,39,39,39,39,True,True,True
0323.png,6,6,6,6,6,6,6,True,True,True
0324.png,176,176,176,176,176,176,176,True,True,True
0325.png,211,211,211,211,211,211,178,True,True,True
0326.png,657,657,657,657,657,657,657,True,True,True
0327.png,220,220,220,220,220,220,219,True,True,True
0328.png,699,699,699,699,699,699,699,True,True,True
0329.png,242,242,242,242,242,242,242,True,True,True
0330.png,322,322,322,322,322,322,322,True,True,True
0331.png,640,640,640,640,640,640,640,True,True,True
0332.png,97,97,97,97,97,80,6,True,True,True
0333.png,237,237,237,237,237,237,237,True,True,True
0334.png,358,358,358,358,358,358,359,True,True,True
0335.png,19,19,19,19,19,13,13,True,True,True
0336.png,840,840,840,840,840,840,896,True,True,True
0337.png,621,621,621,621,621,621,621,True,True,True
0338.png,927,927,927,927,927,927,927,True,True,True
0339.png,178,178,178,178,178,178,178,True,True,True
0340.png,943,943,943,943,943,943,943,True,True,True
0341.png,705,705,705,705,705,705,705,True,True,True
0342.png,23,23,23,23,23,23,23,True,True,True
0343.png,929,929,929,929,929,929,452,True,True,True
0344.png,331,331,331,331,331,331,331,True,True,True
0345.png,145,145,145,145,145,145,145,True,True,True
0346.png,933,933,933,933,933,923,928,True,True,True
0347.png,355,355,355,355,355,203,355,True,True,True
0348.png,339,339,339,339,339,354,354,True,True,True
0349.png,766,766,766,766,766,766,766,True,True,True
0350.png,141,141,141,141,141,141,141,True,True,True
0351.png,40,40,40,40,40,80,4,True,True,True
0352.png,432,432,432,432,432,432,432,True,True,True
0353.png,33,33,33,33,33,33,33,True,True,True
0354.png,779,779,779,779,779,779,779,True,True,True
0355.png,294,294,294,294,294,294,296,True,True,True
0356.png,604,604,604,604,604,604,107,True,True,True
0357.png,764,764,764,764,764,981,981,True,True,True
0358.png,813,813,813,813,813,813,813,True,True,True
0359.png,750,750,750,750,750,750,750,True,True,True
0360.png,477,477,477,477,477,477,477,True,True,True
0361.png,135,135,135,135,135,135,135,True,True,True
0362.png,666,666,666,666,666,666,666,True,True,True
0363.png,46,46,46,46,46,46,46,True,True,True
0364.png,531,531,531,531,531,487,531,True,True,True
0365.png,723,723,723,723,723,723,723,True,True,True
0366.png,196,196,196,196,196,190,203,True,True,True
0367.png,759,759,759,759,759,759,759,True,True,True
0368.png,162,162,162,162,162,162,617,True,True,True
0369.png,405,405,405,405,405,405,405,True,True,True
0370.png,522,522,522,522,522,522,522,True,True,True
0371.png,784,784,784,784,784,845,784,True,True,True
0372.png,919,919,919,919,919,781,781,True,True,True
0373.png,24,24,24,24,24,24,24,True,True,True
0374.png,991,991,991,991,991,991,991,True,True,True
0375.png,858,858,858,858,858,858,478,True,True,True
0376.png,51,51,51,51,51,51,51,True,True,True
0377.png,521,521,521,521,521,521,521,True,True,True
0378.png,843,843,843,843,843,843,843,True,True,True
0379.png,325,325,325,325,325,325,325,True,True,True
0380.png,563,563,563,563,563,563,744,True,True,True
0381.png,883,883,883,883,883,750,883,True,True,True
0382.png,574,574,574,574,574,574,574,True,True,True
0383.png,575,575,575,575,575,575,601,True,True,True
0384.png,493,493,493,493,493,493,493,True,True,True
0385.png,194,194,194,194,194,194,194,True,True,True
0386.png,86,86,86,86,86,86,81,True,True,True
0387.png,107,107,107,107,107,107,107,True,True,True
0388.png,41,41,41,41,41,41,41,True,True,True
0389.png,995,995,995,995,995,808,999,True,True,True
0390.png,592,592,592,592,592,592,592,True,True,True
0391.png,332,332,332,332,332,332,332,True,True,True
0392.png,112,112,112,112,112,112,150,True,True,True
0393.png,387,387,387,387,387,387,387,True,True,True
0394.png,480,480,480,480,480,480,480,True,True,True
0395.png,239,239,239,239,239,239,239,True,True,True
0396.png,523,523,523,523,523,523,523,True,True,True
0397.png,244,244,244,244,244,244,244,True,True,True
0398.png,63,63,63,63,63,63,111,True,True,True
0399.png,117,117,117,117,117,117,117,True,True,True
0400.png,649,649,649,649,649,649,649,True,True,True
0401.png,796,796,796,796,796,728,617,True,True,True
0402.png,923,923,923,923,923,868,923,True,True,True
0403.png,129,129,129,129,129,669,107,True,True,True
0404.png,98,98,98,98,98,98,98,True,True,True
0405.png,25,25,25,25,25,25,28,True,True,True
0406.png,993,993,993,993,993,993,728,True,True,True
0407.png,897,897,897,897,897,897,897,True,True,True
0408.png,405,405,405,405,405,405,405,True,True,True
0409.png,323,323,323,323,323,323,323,True,True,True
0410.png,22,22,22,22,22,22,22,True,True,True
0411.png,244,244,244,244,244,244,256,True,True,True
0412.png,371,371,371,371,371,371,332,True,True,True
0413.png,21,21,21,21,21,21,21,True,True,True
0414.png,552,552,552,552,552,669,669,True,True,True
0415.png,729,729,729,729,729,729,729,True,True,True
0416.png,571,571,571,571,571,571,571,True,True,True
0417.png,589,589,589,589,589,589,589,True,True,True
0418.png,424,424,424,424,424,691,680,True,True,True
0419.png,884,884,884,884,884,884,727,True,True,True
0420.png,117,117,117,117,117,117,117,True,True,True
0421.png,307,307,307,307,307,363,363,True,True,True
0422.png,997,997,997,997,997,997,997,True,True,True
0423.png,295,295,295,295,295,295,297,True,True,True
0424.png,651,651,651,651,651,651,651,True,True,True
0425.png,217,217,217,217,217,217,431,True,True,True
0426.png,390,390,390,390,390,390,29,True,True,True
0427.png,317,317,317,317,317,317,317,True,True,True
0428.png,338,338,338,338,338,338,333,True,True,True
0429.png,673,673,673,673,673,673,673,True,True,True
0430.png,629,629,629,629,629,629,818,True,True,True
0431.png,381,381,381,381,381,369,796,True,True,True
0432.png,415,415,415,415,415,669,431,True,True,True
0433.png,549,549,549,549,549,549,549,True,True,True
0434.png,717,717,717,717,717,717,717,True,True,True
0435.png,133,133,133,133,133,133,132,True,True,True
0436.png,450,450,450,450,450,691,691,True,True,True
0437.png,310,310,310,310,310,310,310,True,True,True
0438.png,4,4,4,4,4,4,107,True,True,True
0439.png,691,691,691,691,691,691,691,True,True,True
0440.png,179,179,179,179,179,179,180,True,True,True
0441.png,603,603,603,603,603,603,730,True,True,True
0442.png,802,802,802,802,802,802,584,True,True,True
0443.png,201,201,201,201,201,201,229,True,True,True
0444.png,774,774,774,774,774,774,459,True,True,True
0445.png,146,146,146,146,146,749,146,True,True,True
0446.png,216,216,216,216,216,216,216,True,True,True
0447.png,823,823,823,823,823,823,823,True,True,True
0448.png,274,274,274,274,274,274,274,True,True,True
0449.png,749,749,749,749,749,749,749,True,True,True
0450.png,759,759,759,759,759,759,759,True,True,True
0451.png,750,750,750,750,750,750,750,True,True,True
0452.png,752,752,752,752,752,752,752,True,True,True
0453.png,69,69,69,69,69,69,69,True,True,True
0454.png,96,96,96,96,96,47,96,True,True,True
0455.png,351,351,351,351,351,351,395,True,True,True
0456.png,118,118,118,118,118,118,394,True,True,True
0457.png,307,307,307,307,307,307,73,True,True,True
0458.png,576,576,576,576,576,576,669,True,True,True
0459.png,336,336,336,336,336,298,299,True,True,True
0460.png,642,642,642,642,642,642,642,True,True,True
0461.png,944,944,944,944,944,999,419,True,True,True
0462.png,286,286,286,286,286,286,286,True,True,True
0463.png,480,480,480,480,480,480,480,True,True,True
0464.png,49,49,49,49,49,49,49,True,True,True
0465.png,200,200,200,200,200,200,200,True,True,True
0466.png,334,334,334,334,334,334,334,True,True,True
0467.png,904,904,904,904,904,905,903,True,True,True
0468.png,295,295,295,295,295,295,295,True,True,True
0469.png,11,11,11,11,11,11,89,True,True,True
0470.png,684,684,684,684,684,730,6,True,True,True
0471.png,813,813,813,813,813,813,902,True,True,True
0472.png,260,260,260,260,260,258,258,True,True,True
0473.png,738,738,738,738,738,551,738,True,True,True
0474.png,330,330,330,330,330,331,330,True,True,True
0475.png,242,242,242,242,242,242,242,True,True,True
0476.png,434,434,434,434,434,434,434,True,True,True
0477.png,736,736,736,736,736,876,736,True,True,True
0478.png,741,741,741,741,741,741,741,True,True,True
0479.png,258,258,258,258,258,258,258,True,True,True
0480.png,518,518,518,518,518,518,818,True,True,True
0481.png,655,655,655,655,655,655,638,True,True,True
0482.png,371,371,371,371,371,669,371,True,True,True
0483.png,1,1,1,1,1,29,29,True,True,True
0484.png,244,244,244,244,244,244,244,True,True,True
0485.png,531,531,531,531,531,482,531,True,True,True
0486.png,668,668,668,668,668,668,668,True,True,True
0487.png,124,124,124,124,124,126,126,True,True,True
0488.png,922,922,922,922,922,922,922,True,True,True
0489.png,685,685,685,685,685,685,685,True,True,True
0490.png,93,93,93,93,93,93,93,True,True,True
0491.png,513,513,513,513,513,513,438,True,True,True
0492.png,142,142,142,142,142,142,142,True,True,True
0493.png,257,257,257,257,257,258,257,True,True,True
0494.png,653,653,653,653,653,653,653,True,True,True
0495.png,1,1,1,1,1,1,801,True,True,True
0496.png,89,89,89,89,89,8,29,True,True,True
0497.png,14,14,14,14,14,14,81,True,True,True
0498.png,565,565,565,565,565,565,565,True,True,True
0499.png,63,63,63,63,63,63,63,True,True,True
0500.png,918,918,918,918,918,918,918,True,True,True
0501.png,402,402,402,402,402,402,402,True,True,True
0502.png,854,854,854,854,854,854,854,True,True,True
0503.png,146,146,146,146,146,146,132,True,True,True
0504.png,841,841,841,841,841,841,431,True,True,True
0505.png,70,70,70,70,70,70,318,True,True,True
0506.png,923,923,923,923,923,868,923,True,True,True
0507.png,988,988,988,988,988,988,947,True,True,True
0508.png,53,53,53,53,53,58,53,True,True,True
0509.png,791,791,791,791,791,791,791,True,True,True
0510.png,961,961,961,961,961,712,712,True,True,True
0511.png,852,852,852,852,852,852,852,True,True,True
0512.png,601,601,601,601,601,601,578,True,True,True
0513.png,57,57,57,57,57,669,62,True,True,True
0514.png,244,244,244,244,244,244,244,True,True,True
0515.png,653,653,653,653,653,648,653,True,True,True
0516.png,927,927,927,927,927,470,883,True,True,True
0517.png,199,199,199,199,199,199,224,True,True,True
0518.png,522,522,522,522,522,522,574,True,True,True
0519.png,180,180,180,180,180,180,180,True,True,True
0520.png,384,384,384,384,384,384,384,True,True,True
0521.png,493,493,493,493,493,493,493,True,True,True
0522.png,271,271,271,271,271,271,270,True,True,True
0523.png,589,589,589,589,589,589,589,True,True,True
0524.png,401,401,401,401,401,401,401,True,True,True
0525.png,53,53,53,53,53,53,58,True,True,True
0526.png,552,552,552,552,552,552,552,True,True,True
0527.png,137,137,137,137,137,6,137,True,True,True
0528.png,947,947,947,947,947,997,947,True,True,True
0529.png,214,214,214,214,214,214,213,True,True,True
0530.png,820,820,820,820,820,820,847,True,True,True
0531.png,221,221,221,221,221,669,221,True,True,True
0532.png,518,518,518,518,518,518,518,True,True,True
0533.png,625,625,625,625,625,625,625,True,True,True
0534.png,802,802,802,802,802,802,802,True,True,True
0535.png,459,459,459,459,459,459,459,True,True,True
0536.png,442,442,442,442,442,442,442,True,True,True
0537.png,283,283,283,283,283,283,228,True,True,True
0538.png,5,5,5,5,5,5,5,True,True,True
0539.png,132,132,132,132,132,132,132,True,True,True
0540.png,293,293,293,293,293,293,288,True,True,True
0541.png,422,422,422,422,422,422,422,True,True,True
0542.png,85,85,85,85,85,85,85,True,True,True
0543.png,629,629,629,629,629,629,629,True,True,True
0544.png,498,498,498,498,498,498,498,True,True,True
0545.png,284,284,284,284,284,283,284,True,True,True
0546.png,495,495,495,495,495,495,495,True,True,True
0547.png,806,806,806,806,806,806,806,True,True,True
0548.png,729,729,729,729,729,729,729,True,True,True
0549.png,138,138,138,138,138,138,138,True,True,True
0550.png,411,411,411,411,411,411,411,True,True,True
0551.png,65,65,65,65,65,65,65,True,True,True
0552.png,548,548,548,548,548,750,532,True,True,True
0553.png,472,472,472,472,472,472,472,True,True,True
0554.png,605,605,605,605,605,916,605,True,True,True
0555.png,990,990,990,990,990,990,990,True,True,True
0556.png,89,89,89,89,89,89,89,True,True,True
0557.png,723,723,723,723,723,723,723,True,True,True
0558.png,127,127,127,127,127,127,127,True,True,True
0559.png,77,77,77,77,77,77,29,True,True,True
0560.png,861,861,861,861,861,897,861,True,True,True
0561.png,922,922,922,922,922,922,922,True,True,True
0562.png,713,713,713,713,713,713,713,True,True,True
0563.png,217,217,217,217,217,217,452,True,True,True
0564.png,203,203,203,203,203,203,203,True,True,True
0565.png,223,223,223,223,223,750,203,True,True,True
0566.png,370,370,370,370,370,370,370,True,True,True
0567.png,434,434,434,434,434,434,529,True,True,True
0568.png,934,934,934,934,934,934,934,True,True,True
0569.png,121,121,121,121,121,118,126,True,True,True
0570.png,773,773,773,773,773,804,719,True,True,True
0571.png,457,457,457,457,457,834,457,True,True,True
0572.png,884,884,884,884,884,884,884,True,True,True
0573.png,191,191,191,191,191,191,202,True,True,True
0574.png,324,324,324,324,324,324,324,True,True,True
0575.png,870,870,870,870,870,870,870,True,True,True
0576.png,560,560,560,560,560,560,560,True,True,True
0577.png,936,936,936,936,936,936,793,True,True,True
0578.png,6,6,6,6,6,6,6,True,True,True
0579.png,991,991,991,991,991,991,991,True,True,True
0580.png,554,554,554,554,554,554,554,True,True,True
0581.png,349,349,349,349,349,349,349,True,True,True
0582.png,958,958,958,958,958,958,958,True,True,True
0583.png,817,817,817,817,817,817,717,True,True,True
0584.png,352,352,352,352,352,352,352,True,True,True
0585.png,421,421,421,421,421,421,912,True,True,True
0586.png,156,156,156,156,156,156,153,True,True,True
0587.png,707,707,707,707,707,761,761,True,True,True
0588.png,911,911,911,911,911,911,911,True,True,True
0589.png,249,249,249,249,249,249,169,True,True,True
0590.png,157,157,157,157,157,157,157,True,True,True
0591.png,634,634,634,634,634,634,634,True,True,True
0592.png,556,556,556,556,556,556,556,True,True,True
0593.png,564,564,564,564,564,564,564,True,True,True
0594.png,715,715,715,715,715,715,652,True,True,True
0595.png,665,665,665,665,665,665,870,True,True,True
0596.png,655,655,655,655,655,655,655,True,True,True
0597.png,916,916,916,916,916,916,916,True,True,True
0598.png,296,296,296,296,296,296,296,True,True,True
0599.png,678,678,678,678,678,678,678,True,True,True
0600.png,983,983,983,983,983,983,983,True,True,True
0601.png,602,602,602,602,602,602,602,True,True,True
0602.png,301,301,301,301,301,301,301,True,True,True
0603.png,221,221,221,221,221,221,221,True,True,True
0604.png,690,690,690,690,690,690,345,True,True,True
0605.png,662,662,662,662,662,662,662,True,True,True
0606.png,135,135,135,135,135,135,135,True,True,True
0607.png,506,506,506,506,506,911,669,True,True,True
0608.png,100,100,100,100,100,100,99,True,True,True
0609.png,819,819,819,819,819,819,889,True,True,True
0610.png,953,953,953,953,953,953,953,True,True,True
0611.png,192,192,192,192,192,192,283,True,True,True
0612.png,9,9,9,9,9,9,134,True,True,True
0613.png,173,173,173,173,173,173,173,True,True,True
0614.png,969,969,969,969,969,438,969,True,True,True
0615.png,502,502,502,502,502,921,502,True,True,True
0616.png,369,369,369,369,369,369,368,True,True,True
0617.png,515,515,515,515,515,515,515,True,True,True
0618.png,704,704,704,704,704,704,712,True,True,True
0619.png,540,540,540,540,540,540,540,True,True,True
0620.png,235,235,235,235,235,235,235,True,True,True
0621.png,732,732,732,732,732,732,732,True,True,True
0622.png,528,528,528,528,528,528,844,True,True,True
0623.png,59,59,59,59,59,59,111,True,True,True
0624.png,14,14,14,14,14,13,14,True,True,True
0625.png,926,926,926,926,926,925,925,True,True,True
0626.png,654,654,654,654,654,654,654,True,True,True
0627.png,220,220,220,220,220,220,220,True,True,True
0628.png,234,234,234,234,234,234,243,True,True,True
0629.png,645,645,645,645,645,733,617,True,True,True
0630.png,195,195,195,195,195,195,195,True,True,True
0631.png,90,90,90,90,90,90,90,True,True,True
0632.png,979,979,979,979,979,979,979,True,True,True
0633.png,171,171,171,171,171,172,171,True,True,True
0634.png,123,123,123,123,123,123,123,True,True,True
0635.png,386,386,386,386,386,386,386,True,True,True
0636.png,874,874,874,874,874,874,874,True,True,True
0637.png,14,14,14,14,14,14,17,True,True,True
0638.png,628,628,628,628,628,628,628,True,True,True
0639.png,210,210,210,210,210,210,210,True,True,True
0640.png,526,526,526,526,526,526,553,True,True,True
0641.png,564,564,564,564,564,564,564,True,True,True
0642.png,880,880,880,880,880,880,880,True,True,True
0643.png,876,876,876,876,876,876,876,True,True,True
0644.png,807,807,807,807,807,755,807,True,True,True
0645.png,457,457,457,457,457,457,457,True,True,True
0646.png,482,482,482,482,482,482,482,True,True,True
0647.png,610,610,610,610,610,610,610,True,True,True
0648.png,252,252,252,252,252,252,252,True,True,True
0649.png,473,473,473,473,473,473,680,True,True,True
0650.png,552,552,552,552,552,701,669,True,True,True
0651.png,106,106,106,106,106,106,106,True,True,True
0652.png,43,43,43,43,43,42,48,True,True,True
0653.png,7,7,7,7,7,8,134,True,True,True
0654.png,473,473,473,473,473,473,473,True,True,True
0655.png,344,344,344,344,344,344,344,True,True,True
0656.png,308,308,308,308,308,126,308,True,True,True
0657.png,169,169,169,169,169,172,257,True,True,True
0658.png,419,419,419,419,419,419,419,True,True,True
0659.png,95,95,95,95,95,95,94,True,True,True
0660.png,667,667,667,667,667,667,667,True,True,True
0661.png,705,705,705,705,705,705,705,True,True,True
0662.png,361,361,361,361,361,361,361,True,True,True
0663.png,750,750,750,750,750,750,750,True,True,True
0664.png,361,361,361,361,361,921,552,True,True,True
0665.png,56,56,56,56,56,56,56,True,True,True
0666.png,628,628,628,628,628,628,812,True,True,True
0667.png,902,902,902,902,902,902,902,True,True,True
0668.png,587,587,587,587,587,587,845,True,True,True
0669.png,266,266,266,266,266,265,266,True,True,True
0670.png,137,137,137,137,137,137,137,True,True,True
0671.png,905,905,905,905,905,905,794,True,True,True
0672.png,824,824,824,824,824,824,824,True,True,True
0673.png,286,286,286,286,286,286,286,True,True,True
0674.png,666,666,666,666,666,666,666,True,True,True
0675.png,339,339,339,339,339,339,339,True,True,True
0676.png,267,267,267,267,267,183,233,True,True,True
0677.png,599,599,599,599,599,599,599,True,True,True
0678.png,916,916,916,916,916,916,916,True,True,True
0679.png,284,284,284,284,284,279,284,True,True,True
0680.png,764,764,764,764,764,764,499,True,True,True
0681.png,672,672,672,672,672,672,672,True,True,True
0682.png,904,904,904,904,904,904,904,True,True,True
0683.png,443,443,443,443,443,443,443,True,True,True
0684.png,704,704,704,704,704,704,704,True,True,True
0685.png,523,523,523,523,523,523,523,True,True,True
0686.png,725,725,725,725,725,725,725,True,True,True
0687.png,209,209,209,209,209,178,178,True,True,True
0688.png,769,769,769,769,769,769,769,True,True,True
0689.png,284,284,284,284,284,904,284,True,True,True
0690.png,943,943,943,943,943,943,943,True,True,True
0691.png,495,495,495,495,495,894,495,True,True,True
0692.png,102,102,102,102,102,334,998,True,True,True
0693.png,289,289,289,289,289,285,289,True,True,True
0694.png,71,71,71,71,71,71,71,True,True,True
0695.png,367,367,367,367,367,367,367,True,True,True
0696.png,4,4,4,4,4,4,4,True,True,True
0697.png,483,483,483,483,483,483,483,True,True,True
0698.png,180,180,180,180,180,179,180,True,True,True
0699.png,251,251,251,251,251,251,212,True,True,True
0700.png,441,441,441,441,441,631,470,True,True,True
0701.png,316,316,316,316,316,316,316,True,True,True
0702.png,394,394,394,394,394,394,394,True,True,True
0703.png,900,900,900,900,900,900,900,True,True,True
0704.png,212,212,212,212,212,216,169,True,True,True
0705.png,727,727,727,727,727,538,727,True,True,True
0706.png,665,665,665,665,665,665,870,True,True,True
0707.png,202,202,202,202,202,229,153,True,True,True
0708.png,156,156,156,156,156,156,156,True,True,True
0709.png,117,117,117,117,117,117,117,True,True,True
0710.png,91,91,91,91,91,91,91,True,True,True
0711.png,293,293,293,293,293,293,293,True,True,True
0712.png,989,989,989,989,989,989,989,True,True,True
0713.png,194,194,194,194,194,203,203,True,True,True
0714.png,626,626,626,626,626,470,470,True,True,True
0715.png,323,323,323,323,323,323,322,True,True,True
0716.png,299,299,299,299,299,299,299,True,True,True
0717.png,245,245,245,245,245,728,999,True,True,True
0718.png,617,617,617,617,617,617,617,True,True,True
0719.png,378,378,378,378,378,378,379,True,True,True
0720.png,87,87,87,87,87,700,87,True,True,True
0721.png,235,235,235,235,235,235,235,True,True,True
0722.png,493,493,493,493,493,894,553,True,True,True
0723.png,864,864,864,864,864,864,436,True,True,True
0724.png,157,157,157,157,157,157,157,True,True,True
0725.png,508,508,508,508,508,810,508,True,True,True
0726.png,305,305,305,305,305,305,305,True,True,True
0727.png,151,151,151,151,151,151,151,True,True,True
0728.png,450,450,450,450,450,525,435,True,True,True
0729.png,333,333,333,333,333,333,333,True,True,True
0730.png,325,325,325,325,325,325,324,True,True,True
0731.png,108,108,108,108,108,108,108,True,True,True
0732.png,789,789,789,789,789,789,789,True,True,True
0733.png,194,194,194,194,194,194,153,True,True,True
0734.png,599,599,599,599,599,599,410,True,True,True
0735.png,720,720,720,720,720,720,720,True,True,True
0736.png,226,226,226,226,226,226,257,True,True,True
0737.png,665,665,665,665,665,870,870,True,True,True
0738.png,71,71,71,71,71,71,71,True,True,True
0739.png,223,223,223,223,223,223,223,True,True,True
0740.png,905,905,905,905,905,905,765,True,True,True
0741.png,620,620,620,620,620,681,681,True,True,True
0742.png,645,645,645,645,645,645,645,True,True,True
0743.png,263,263,263,263,263,263,263,True,True,True
0744.png,827,827,827,827,827,651,534,True,True,True
0745.png,112,112,112,112,112,112,112,True,True,True
0746.png,778,778,778,778,778,778,778,True,True,True
0747.png,946,946,946,946,946,946,946,True,True,True
0748.png,88,88,88,88,88,88,88,True,True,True
0749.png,415,415,415,415,415,421,435,True,True,True
0750.png,331,331,331,331,331,331,331,True,True,True
0751.png,7,7,7,7,7,8,8,True,True,True
0752.png,262,262,262,262,262,262,237,True,True,True
0753.png,599,599,599,599,599,599,599,True,True,True
0754.png,161,161,161,161,161,161,176,True,True,True
0755.png,665,665,665,665,665,665,665,True,True,True
0756.png,346,346,346,346,346,345,346,True,True,True
0757.png,296,296,296,296,296,296,719,True,True,True
0758.png,102,102,102,102,102,334,103,True,True,True
0759.png,335,335,335,335,335,331,331,True,True,True
0760.png,625,625,625,625,625,625,510,True,True,True
0761.png,325,325,325,325,325,325,325,True,True,True
0762.png,176,176,176,176,176,176,176,True,True,True
0763.png,192,192,192,192,192,192,332,True,True,True
0764.png,348,348,348,348,348,348,348,True,True,True
0765.png,272,272,272,272,272,278,331,True,True,True
0766.png,648,648,648,648,648,648,648,True,True,True
0767.png,693,693,693,693,693,693,693,True,True,True
0768.png,829,829,829,829,829,829,829,True,True,True
0769.png,694,694,694,694,694,694,694,True,True,True
0770.png,663,663,663,663,663,668,668,True,True,True
0771.png,528,528,528,528,528,528,528,True,True,True
0772.png,956,956,956,956,956,956,956,True,True,True
0773.png,855,855,855,855,855,855,855,True,True,True
0774.png,440,440,440,440,440,440,737,True,True,True
0775.png,450,450,450,450,450,450,450,True,True,True
0776.png,62,62,62,62,62,62,58,True,True,True
0777.png,25,25,25,25,25,28,28,True,True,True
0778.png,270,270,270,270,270,270,270,True,True,True
0779.png,475,475,475,475,475,475,475,True,True,True
0780.png,548,548,548,548,548,548,548,True,True,True
0781.png,26,26,26,26,26,38,38,True,True,True
0782.png,814,814,814,814,814,814,814,True,True,True
0783.png,1,1,1,1,1,1,1,True,True,True
0784.png,171,171,171,171,171,171,171,True,True,True
0785.png,441,441,441,441,441,441,441,True,True,True
0786.png,146,146,146,146,146,146,146,True,True,True
0787.png,122,122,122,122,122,122,122,True,True,True
0788.png,966,966,966,966,966,966,966,True,True,True
0789.png,649,649,649,649,649,649,649,True,True,True
0790.png,739,739,739,739,739,739,739,True,True,True
0791.png,722,722,722,722,722,722,722,True,True,True
0792.png,873,873,873,873,873,884,884,True,True,True
0793.png,237,237,237,237,237,237,237,True,True,True
0794.png,822,822,822,822,822,822,807,True,True,True
0795.png,996,996,996,996,996,996,938,True,True,True
0796.png,784,784,784,784,784,784,680,True,True,True
0797.png,796,796,796,796,796,796,796,True,True,True
0798.png,3,3,3,3,3,3,3,True,True,True
0799.png,819,819,819,819,819,819,819,True,True,True
0800.png,648,648,648,648,648,648,648,True,True,True
0801.png,163,163,163,163,163,163,296,True,True,True
0802.png,873,873,873,873,873,873,873,True,True,True
0803.png,818,818,818,818,818,818,846,True,True,True
0804.png,87,87,87,87,87,87,999,True,True,True
0805.png,855,855,855,855,855,855,855,True,True,True
0806.png,184,184,184,184,184,199,202,True,True,True
0807.png,621,621,621,621,621,621,621,True,True,True
0808.png,640,640,640,640,640,539,640,True,True,True
0809.png,250,250,250,250,250,250,496,True,True,True
0810.png,634,634,634,634,634,634,706,True,True,True
0811.png,517,517,517,517,517,517,517,True,True,True
0812.png,416,416,416,416,416,416,416,True,True,True
0813.png,163,163,163,163,163,163,163,True,True,True
0814.png,593,593,593,593,593,593,593,True,True,True
0815.png,7,7,7,7,7,7,7,True,True,True
0816.png,37,37,37,37,37,37,33,True,True,True
0817.png,654,654,654,654,654,654,654,True,True,True
0818.png,184,184,184,184,184,184,184,True,True,True
0819.png,925,925,925,925,925,925,925,True,True,True
0820.png,247,247,247,247,247,257,257,True,True,True
0821.png,94,94,94,94,94,94,94,True,True,True
0822.png,728,728,728,728,728,728,728,True,True,True
0823.png,644,644,644,644,644,644,644,True,True,True
0824.png,67,67,67,67,67,67,67,True,True,True
0825.png,660,660,660,660,660,660,660,True,True,True
0826.png,849,849,849,849,849,849,725,True,True,True
0827.png,802,802,802,802,802,802,802,True,True,True
0828.png,416,416,416,416,416,416,416,True,True,True
0829.png,323,323,323,323,323,325,723,True,True,True
0830.png,629,629,629,629,629,629,720,True,True,True
0831.png,191,191,191,191,191,191,189,True,True,True
0832.png,520,520,520,520,520,520,520,True,True,True
0833.png,39,39,39,39,39,39,39,True,True,True
0834.png,53,53,53,53,53,53,52,True,True,True
0835.png,446,446,446,446,446,446,446,True,True,True
0836.png,491,491,491,491,491,491,559,True,True,True
0837.png,93,93,93,93,93,794,794,True,True,True
0838.png,279,279,279,279,279,279,279,True,True,True
0839.png,655,655,655,655,655,655,655,True,True,True
0840.png,903,903,903,903,903,903,903,True,True,True
0841.png,538,538,538,538,538,538,538,True,True,True
0842.png,181,181,181,181,181,181,691,True,True,True
0843.png,26,26,26,26,26,49,329,True,True,True
0844.png,5,5,5,5,5,5,5,True,True,True
0845.png,382,382,382,382,382,382,382,True,True,True
0846.png,602,602,602,602,602,602,702,True,True,True
0847.png,414,414,414,414,414,414,414,True,True,True
0848.png,431,431,431,431,431,431,431,True,True,True
0849.png,422,422,422,422,422,422,422,True,True,True
0850.png,659,659,659,659,659,659,659,True,True,True
0851.png,443,443,443,443,443,443,443,True,True,True
0852.png,462,462,462,462,462,462,462,True,True,True
0853.png,646,646,646,646,646,646,646,True,True,True
0854.png,821,821,821,821,821,821,821,True,True,True
0855.png,718,718,718,718,718,718,718,True,True,True
0856.png,388,388,388,388,388,296,388,True,True,True
0857.png,310,310,310,310,310,313,70,True,True,True
0858.png,432,432,432,432,432,432,617,True,True,True
0859.png,334,334,334,334,334,334,334,True,True,True
0860.png,55,55,55,55,55,55,55,True,True,True
0861.png,88,88,88,88,88,88,88,True,True,True
0862.png,982,982,982,982,982,982,982,True,True,True
0863.png,50,50,50,50,50,50,50,True,True,True
0864.png,609,609,609,609,609,609,609,True,True,True
0865.png,370,370,370,370,370,370,370,True,True,True
0866.png,347,347,347,347,347,347,347,True,True,True
0867.png,211,211,211,211,211,211,211,True,True,True
0868.png,183,183,183,183,183,183,649,True,True,True
0869.png,19,19,19,19,19,19,19,True,True,True
0870.png,496,496,496,496,496,496,496,True,True,True
0871.png,127,127,127,127,127,128,128,True,True,True
0872.png,512,512,512,512,512,845,784,True,True,True
0873.png,616,616,616,616,616,488,327,True,True,True
0874.png,623,623,623,623,623,623,749,True,True,True
0875.png,295,295,295,295,295,295,295,True,True,True
0876.png,494,494,494,494,494,494,731,True,True,True
0877.png,170,170,170,170,170,170,169,True,True,True
0878.png,766,766,766,766,766,766,35,True,True,True
0879.png,552,552,552,552,552,552,552,True,True,True
0880.png,106,106,106,106,106,106,106,True,True,True
0881.png,874,874,874,874,874,874,874,True,True,True
0882.png,981,981,981,981,981,981,752,True,True,True
0883.png,653,653,653,653,653,653,653,True,True,True
0884.png,518,518,518,518,518,518,518,True,True,True
0885.png,974,974,974,974,974,974,974,True,True,True
0886.png,274,274,274,274,274,274,272,True,True,True
0887.png,476,476,476,476,476,794,431,True,True,True
0888.png,308,308,308,308,308,316,396,True,True,True
0889.png,447,447,447,447,447,447,447,True,True,True
0890.png,595,595,595,595,595,595,856,True,True,True
0891.png,435,435,435,435,435,435,435,True,True,True
0892.png,245,245,245,245,245,245,223,True,True,True
0893.png,500,500,500,500,500,500,972,True,True,True
0894.png,680,680,680,680,680,680,680,True,True,True
0895.png,826,826,826,826,826,826,720,True,True,True
0896.png,696,696,696,696,696,813,929,True,True,True
0897.png,494,494,494,494,494,832,832,True,True,True
0898.png,660,660,660,660,660,660,660,True,True,True
0899.png,645,645,645,645,645,645,583,True,True,True
0900.png,282,282,282,282,282,282,287,True,True,True
0901.png,558,558,558,558,558,558,558,True,True,True
0902.png,50,50,50,50,50,50,363,True,True,True
0903.png,43,43,43,43,43,43,43,True,True,True
0904.png,124,124,124,124,124,124,124,True,True,True
0905.png,760,760,760,760,760,760,760,True,True,True
0906.png,21,21,21,21,21,21,21,True,True,True
0907.png,965,965,965,965,965,965,928,True,True,True
0908.png,858,858,858,858,858,904,708,True,True,True
0909.png,780,780,780,780,780,780,780,True,True,True
0910.png,778,778,778,778,778,778,778,True,True,True
0911.png,54,54,54,54,54,54,54,True,True,True
0912.png,846,846,846,846,846,846,846,True,True,True
0913.png,718,718,718,718,718,718,718,True,True,True
0914.png,579,579,579,579,579,579,579,True,True,True
0915.png,145,145,145,145,145,145,145,True,True,True
0916.png,884,884,884,884,884,884,884,True,True,True
0917.png,295,295,295,295,295,295,295,True,True,True
0918.png,317,317,317,317,317,317,317,True,True,True
0919.png,507,507,507,507,507,507,507,True,True,True
0920.png,880,880,880,880,880,880,880,True,True,True
0921.png,649,649,649,649,649,649,649,True,True,True
0922.png,895,895,895,895,895,895,895,True,True,True
0923.png,708,708,708,708,708,708,729,True,True,True
0924.png,815,815,815,815,815,815,815,True,True,True
0925.png,197,197,197,197,197,197,197,True,True,True
0926.png,918,918,918,918,918,918,918,True,True,True
0927.png,499,499,499,499,499,499,499,True,True,True
0928.png,249,249,249,249,249,248,248,True,True,True
0929.png,12,12,12,12,12,12,12,True,True,True
0930.png,408,408,408,408,408,408,408,True,True,True
0931.png,13,13,13,13,13,815,6,True,True,True
0932.png,884,884,884,884,884,884,884,True,True,True
0933.png,19,19,19,19,19,19,19,True,True,True
0934.png,983,983,983,983,983,983,983,True,True,True
0935.png,569,569,569,569,569,569,569,True,True,True
0936.png,334,334,334,334,334,749,334,True,True,True
0937.png,572,572,572,572,572,574,574,True,True,True
0938.png,133,133,133,133,133,133,133,True,True,True
0939.png,925,925,925,925,925,925,925,True,True,True
0940.png,256,256,256,256,256,256,217,True,True,True
0941.png,474,474,474,474,474,474,474,True,True,True
0942.png,986,986,986,986,986,986,986,True,True,True
0943.png,260,260,260,260,260,260,260,True,True,True
0944.png,164,164,164,164,164,164,164,True,True,True
0945.png,162,162,162,162,162,162,162,True,True,True
0946.png,280,280,280,280,280,280,278,True,True,True
0947.png,353,353,353,353,353,353,353,True,True,True
0948.png,735,735,735,735,735,735,735,True,True,True
0949.png,141,141,141,141,141,141,142,True,True,True
0950.png,75,75,75,75,75,77,73,True,True,True
0951.png,668,668,668,668,668,668,668,True,True,True
0952.png,108,108,108,108,108,108,108,True,True,True
0953.png,438,438,438,438,438,438,438,True,True,True
0954.png,55,55,55,55,55,55,55,True,True,True
0955.png,668,668,668,668,668,668,668,True,True,True
0956.png,743,743,743,743,743,743,743,True,True,True
0957.png,233,233,233,233,233,233,226,True,True,True
0958.png,311,311,311,311,311,311,311,True,True,True
0959.png,16,16,16,16,16,16,89,True,True,True
0960.png,171,171,171,171,171,171,171,True,True,True
0961.png,421,421,421,421,421,421,421,True,True,True
0962.png,634,634,634,634,634,634,634,True,True,True
0963.png,151,151,151,151,151,284,332,True,True,True
0964.png,661,661,661,661,661,971,866,True,True,True
0965.png,893,893,893,893,893,893,446,True,True,True
0966.png,560,560,560,560,560,560,560,True,True,True
0967.png,970,970,970,970,970,970,970,True,True,True
0968.png,729,729,729,729,729,729,729,True,True,True
0969.png,661,661,661,661,661,661,661,True,True,True
0970.png,682,682,682,682,682,682,682,True,True,True
0971.png,389,389,389,389,389,389,389,True,True,True
0972.png,316,316,316,316,316,316,316,True,True,True
0973.png,503,503,503,503,503,899,899,True,True,True
0974.png,447,447,447,447,447,712,464,True,True,True
0975.png,428,428,428,428,428,428,428,True,True,True
0976.png,494,494,494,494,494,494,494,True,True,True
0977.png,824,824,824,824,824,824,824,True,True,True
0978.png,529,529,529,529,529,459,529,True,True,True
0979.png,197,197,197,197,197,197,197,True,True,True
0980.png,589,589,589,589,589,589,589,True,True,True
0981.png,336,336,336,336,336,336,336,True,True,True
0982.png,887,887,887,887,887,887,887,True,True,True
0983.png,352,352,352,352,352,350,350,True,True,True
0984.png,158,158,158,158,158,158,253,True,True,True
0985.png,920,920,920,920,920,920,919,True,True,True
0986.png,176,176,176,176,176,176,431,True,True,True
0987.png,870,870,870,870,870,870,870,True,True,True
0988.png,166,166,166,166,166,166,166,True,True,True
0989.png,471,471,471,471,471,471,471,True,True,True
0990.png,969,969,969,969,969,969,969,True,True,True
0991.png,159,159,159,159,159,211,168,True,True,True
0992.png,945,945,945,945,945,794,883,True,True,True
0993.png,602,602,602,602,602,602,602,True,True,True
0994.png,184,184,184,184,184,184,266,True,True,True
0995.png,894,894,894,894,894,894,894,True,True,True
0996.png,276,276,276,276,276,276,276,True,True,True
0997.png,53,53,53,53,53,53,53,True,True,True
0998.png,862,862,862,862,862,862,617,True,True,True
0999.png,787,787,787,787,787,787,787,True,True,True
1000.png,406,406,406,406,406,406,406,True,True,True
